{
  "auc_scores": {
    "1": 0.825506962335425,
    "2": 0.5328075762514941,
    "3": 0.6093791951939858
  },
  "confusion_matrix": [
    [
      151,
      0,
      0
    ],
    [
      320,
      102,
      0
    ],
    [
      347,
      69,
      0
    ]
  ],
  "confusion_matrix_percent": [
    [
      100.0,
      0.0,
      0.0
    ],
    [
      75.82938388625593,
      24.170616113744074,
      0.0
    ],
    [
      83.41346153846155,
      16.58653846153846,
      0.0
    ]
  ],
  "test_subjects": [
    "s14"
  ],
  "fold_number": 6,
  "model_type": "baseline"
}