{
  "auc_scores": {
    "1": 0.5869862056360137,
    "2": 0.5498600223964165,
    "3": 0.49909211235192785
  },
  "confusion_matrix": [
    [
      47,
      21,
      61
    ],
    [
      111,
      92,
      267
    ],
    [
      54,
      46,
      151
    ]
  ],
  "confusion_matrix_percent": [
    [
      36.434108527131784,
      16.27906976744186,
      47.286821705426355
    ],
    [
      23.617021276595747,
      19.574468085106382,
      56.80851063829787
    ],
    [
      21.51394422310757,
      18.326693227091635,
      60.1593625498008
    ]
  ],
  "test_subjects": [
    "s04"
  ],
  "fold_number": 9,
  "model_type": "tuned"
}