{
  "auc_scores": {
    "1": 0.676639472043234,
    "2": 0.6612542765699149,
    "3": 0.5616213352172377
  },
  "confusion_matrix": [
    [
      266,
      0,
      17
    ],
    [
      105,
      0,
      59
    ],
    [
      299,
      0,
      81
    ]
  ],
  "confusion_matrix_percent": [
    [
      93.99293286219081,
      0.0,
      6.007067137809187
    ],
    [
      64.02439024390245,
      0.0,
      35.97560975609756
    ],
    [
      78.6842105263158,
      0.0,
      21.31578947368421
    ]
  ],
  "test_subjects": [
    "s21"
  ],
  "fold_number": 4,
  "model_type": "baseline"
}