{
  "top_20_features": {
    "names": [
      "psd_metrics_combined_avg__Theta_Power_glob_chans",
      "pe_metrics_combined_1_wide__glob_chans",
      "wsmi_8_global_2__SMI_glob_chans",
      "pe_metrics_combined_4_wide__glob_chans",
      "lz_metrics_combined_LZsum__glob_chans",
      "psd_metrics_combined_avg__Beta_Power_glob_chans",
      "lz_metrics_combined_LZc__glob_chans",
      "psd_metrics_combined_avg__Exponent_glob_chans",
      "wsmi_2_global_2__SMI_glob_chans",
      "psd_metrics_combined_avg__Offset_glob_chans",
      "pe_metrics_combined_2_wide__glob_chans",
      "pe_metrics_combined_8_wide__glob_chans",
      "psd_metrics_combined_avg__Gamma_Power_glob_chans",
      "wsmi_1_global_2__SMI_glob_chans",
      "psd_metrics_combined_avg__Delta_Power_glob_chans",
      "psd_metrics_combined_avg__Alpha_Power_glob_chans",
      "wsmi_4_global_2__SMI_glob_chans",
      "pe_metrics_combined_1_wide__glob_chans_diff",
      "psd_metrics_combined_avg__Theta_Power_glob_chans_diff",
      "wsmi_8_global_2__SMI_glob_chans_diff"
    ],
    "combined_scores": [
      0.8604795127180962,
      0.8178873294091539,
      0.6993075146156078,
      0.6122856890832163,
      0.5711427469076698,
      0.565959613750502,
      0.5529129126831774,
      0.5368803575758233,
      0.5272232644456122,
      0.5129153387630717,
      0.49038684400833416,
      0.4691286120599578,
      0.4578184663017152,
      0.4328854423717528,
      0.4213547976477531,
      0.3822953238083489,
      0.3543482973486927,
      0.28541571762689755,
      0.27373553066728185,
      0.26000664985585425
    ],
    "selection_frequencies": [
      1.0,
      1.0,
      1.0,
      1.0,
      1.0,
      1.0,
      1.0,
      1.0,
      1.0,
      1.0,
      1.0,
      1.0,
      1.0,
      1.0,
      1.0,
      0.8571428571428571,
      1.0,
      0.8571428571428571,
      0.5714285714285714,
      0.7142857142857143
    ],
    "f_scores": [
      223.25977938311166,
      102.27826009995984,
      153.52909026930885,
      95.49771112973164,
      152.11244628364616,
      145.94139200438124,
      142.27754736928247,
      141.23898594921783,
      61.78936405453804,
      138.3138338919569,
      93.53021586614338,
      71.21125667153159,
      114.24380118891476,
      49.586360881250584,
      115.98153773085225,
      59.522379759210644,
      36.26738610844671,
      52.01252259988579,
      104.80807676464656,
      78.81447685523413
    ],
    "mi_scores": [
      0.06335196616031448,
      0.0686372370395515,
      0.05437562591968751,
      0.053110329651639435,
      0.044792227015477026,
      0.04454807744382405,
      0.04286965130569358,
      0.0431555718751379,
      0.04880337388851858,
      0.031097130619115676,
      0.04180323323147084,
      0.03408970899539386,
      0.03238993762147751,
      0.036226973701925055,
      0.028268015115817065,
      0.023158207621168176,
      0.03303942210359555,
      0.026807346101326353,
      0.016319056994823975,
      0.01814667771336422
    ],
    "rf_scores": [
      0.04444984868145681,
      0.05952917346888648,
      0.04326378746136213,
      0.03958755593736167,
      0.02900099613614371,
      0.029740126920183945,
      0.029720120522235556,
      0.02789791113349131,
      0.039009345534696094,
      0.03442250509840894,
      0.03239128596847892,
      0.039541954109883495,
      0.030816408527204686,
      0.03705620877101594,
      0.026760438345761167,
      0.03917876701819722,
      0.030421957288630674,
      0.02243443684541053,
      0.01831855142961213,
      0.02080119227531154
    ],
    "stability_cv": [
      0.14178093704064829,
      0.05475142542141584,
      0.13215023233487663,
      0.14868617133055673,
      0.21990240864691812,
      0.26494997484096267,
      0.24984602335664727,
      0.22610800458437558,
      0.07052424219106598,
      0.24253961095990767,
      0.0625576978964432,
      0.1903332998977869,
      0.27987481850397894,
      0.14929622893924946,
      0.35563075647734493,
      0.23876416224287988,
      0.15203943846292378,
      0.17890646606626495,
      0.23868366016633957,
      0.3117952649140791
    ]
  },
  "feature_statistics": {
    "total_features": 42,
    "original_features": 21,
    "derivative_features": 21,
    "mean_selection_frequency": 0.5,
    "most_stable_feature": "pe_metrics_combined_1_wide__glob_chans",
    "most_variable_feature": "wsmi_8_global_2__wSMI_glob_chans_diff"
  },
  "channel_analysis": {
    "channel_importance": {},
    "top_channel": null
  }
}