{
  "auc_scores": {
    "1": 0.5617460514861335,
    "2": 0.6875807493540053,
    "3": 0.4219817330570266
  },
  "confusion_matrix": [
    [
      14,
      27,
      2
    ],
    [
      17,
      67,
      2
    ],
    [
      56,
      42,
      3
    ]
  ],
  "confusion_matrix_percent": [
    [
      32.55813953488372,
      62.7906976744186,
      4.651162790697675
    ],
    [
      19.767441860465116,
      77.90697674418605,
      2.3255813953488373
    ],
    [
      55.44554455445545,
      41.584158415841586,
      2.9702970297029703
    ]
  ],
  "test_subjects": [
    "s13"
  ],
  "fold_number": 11,
  "model_type": "baseline"
}