{
  "auc_scores": {
    "1": 0.40039041890893745,
    "2": NaN,
    "3": 0.5246385987126728
  },
  "confusion_matrix": [
    [
      66,
      121,
      164
    ],
    [
      0,
      0,
      0
    ],
    [
      11,
      14,
      29
    ]
  ],
  "confusion_matrix_percent": [
    [
      18.803418803418804,
      34.472934472934476,
      46.72364672364672
    ],
    [
      NaN,
      NaN,
      NaN
    ],
    [
      20.37037037037037,
      25.925925925925924,
      53.70370370370371
    ]
  ],
  "test_subjects": [
    "s17"
  ],
  "fold_number": 8,
  "model_type": "tuned"
}