{
  "auc_scores": {
    "1": 0.4585839400654216,
    "2": NaN,
    "3": 0.7249129471351694
  },
  "confusion_matrix": [
    [
      74,
      253,
      24
    ],
    [
      0,
      0,
      0
    ],
    [
      7,
      15,
      32
    ]
  ],
  "confusion_matrix_percent": [
    [
      21.082621082621085,
      72.07977207977207,
      6.837606837606838
    ],
    [
      NaN,
      NaN,
      NaN
    ],
    [
      12.962962962962962,
      27.77777777777778,
      59.25925925925925
    ]
  ],
  "test_subjects": [
    "s17"
  ],
  "fold_number": 7,
  "model_type": "tuned"
}