{
  "week3_data_size": 5984,
  "week3_subjects": 11,
  "model_results": {
    "Random Forest": {
      "auc_mean": 0.5841389555825821,
      "auc_std": 0.08351184548303134,
      "fold_aucs": [
        0.5796129074056289,
        0.7334986949175252,
        0.5429376870259084,
        0.5846435852337774,
        0.48000190333007087
      ]
    },
    "Gradient Boosting": {
      "auc_mean": 0.5472052536606989,
      "auc_std": 0.09872479035758894,
      "fold_aucs": [
        0.4355853530174271,
        0.718988777285641,
        0.5561094730550918,
        0.5590387315741303,
        0.4663039333712045
      ]
    },
    "SVM": {
      "auc_mean": 0.5806807210468865,
      "auc_std": 0.07806000289222657,
      "fold_aucs": [
        0.5108424857027873,
        0.7272841616370486,
        0.5429949467188115,
        0.5920687746771566,
        0.5302132364986286
      ]
    },
    "Logistic Regression": {
      "auc_mean": 0.55600785731248,
      "auc_std": 0.07350231020663223,
      "fold_aucs": [
        0.5237937843948949,
        0.7026859136550662,
        0.5151176187893022,
        0.5256315131650675,
        0.5128104565580692
      ]
    }
  },
  "best_model": "Random Forest",
  "best_auc": 0.5841389555825821,
  "enhanced_features_count": 24,
  "original_features_count": 17
}