{
  "1": {
    "auc_mean": 0.46006567991300146,
    "auc_std": 0.0440620352805825,
    "fold_aucs": [
      0.5310844945887752,
      0.41380454010876777,
      0.47474991298659114,
      0.4680041810983226,
      0.4126852707825508
    ],
    "n_subjects": 11,
    "n_samples": 2537,
    "class_distribution": {
      "1": 791,
      "2": 512,
      "3": 1234
    }
  },
  "2": {
    "auc_mean": 0.5705285646636084,
    "auc_std": 0.10577629328180664,
    "fold_aucs": [
      0.5817917764034215,
      0.46593679449029085,
      0.7241086915900716,
      0.6390811509849247,
      0.4417244098493329
    ],
    "n_subjects": 11,
    "n_samples": 4947,
    "class_distribution": {
      "1": 1400,
      "2": 1560,
      "3": 1987
    }
  },
  "3": {
    "auc_mean": 0.5814990966997826,
    "auc_std": 0.07314587468160211,
    "fold_aucs": [
      0.5505580419849837,
      0.7149677487932528,
      0.564768492478226,
      0.5834330092754956,
      0.49376819096695446
    ],
    "n_subjects": 11,
    "n_samples": 5984,
    "class_distribution": {
      "1": 2208,
      "2": 1913,
      "3": 1863
    }
  },
  "4": {
    "auc_mean": 0.5653639506298271,
    "auc_std": 0.07527957095874178,
    "fold_aucs": [
      0.5569546129975597,
      0.5454505539889656,
      0.5130044757860749,
      0.7102791548821399,
      0.5011309554943953
    ],
    "n_subjects": 8,
    "n_samples": 1530,
    "class_distribution": {
      "1": 234,
      "2": 705,
      "3": 591
    }
  }
}