{
  "1": {
    "auc_mean": 0.47923873425453467,
    "auc_std": 0.03433233870403601,
    "fold_aucs": [
      0.49688980798632104,
      0.48956894984904054,
      0.5277886025012518,
      0.4507116075992293,
      0.4312347033368306
    ],
    "n_subjects": 11,
    "n_samples": 2537,
    "class_distribution": {
      "1": 646,
      "2": 456,
      "3": 1435
    }
  },
  "2": {
    "auc_mean": 0.5549432863739547,
    "auc_std": 0.06980795068258823,
    "fold_aucs": [
      0.5497732132077383,
      0.4606892013881286,
      0.6260279363501255,
      0.6398258270545364,
      0.49840025386924497
    ],
    "n_subjects": 11,
    "n_samples": 4947,
    "class_distribution": {
      "1": 1306,
      "2": 1517,
      "3": 2124
    }
  },
  "3": {
    "auc_mean": 0.5771303747907163,
    "auc_std": 0.07112551926766514,
    "fold_aucs": [
      0.5442067121524579,
      0.6989788199511876,
      0.5347819879310033,
      0.6107856582363338,
      0.4968986956825983
    ],
    "n_subjects": 11,
    "n_samples": 5984,
    "class_distribution": {
      "1": 2151,
      "2": 1826,
      "3": 2007
    }
  },
  "4": {
    "auc_mean": 0.5409563491799272,
    "auc_std": 0.09452753448182218,
    "fold_aucs": [
      0.5279581685416591,
      0.46519477600543535,
      0.4997809803862178,
      0.7255724085255618,
      0.48627541244076183
    ],
    "n_subjects": 8,
    "n_samples": 1530,
    "class_distribution": {
      "1": 206,
      "2": 631,
      "3": 693
    }
  }
}