{
  "auc_scores": {
    "1": 0.6211267582163966,
    "2": 0.6751444348630689,
    "3": 0.4639505746133241
  },
  "confusion_matrix": [
    [
      417,
      0,
      92
    ],
    [
      271,
      0,
      198
    ],
    [
      559,
      0,
      151
    ]
  ],
  "confusion_matrix_percent": [
    [
      81.9253438113949,
      0.0,
      18.07465618860511
    ],
    [
      57.782515991471215,
      0.0,
      42.217484008528785
    ],
    [
      78.73239436619718,
      0.0,
      21.267605633802816
    ]
  ],
  "test_subjects": [
    "s18"
  ],
  "fold_number": 2,
  "model_type": "baseline"
}