{
  "auc_scores": {
    "1": 0.6473645791381394,
    "2": 0.6501573408356778,
    "3": 0.557579862898637
  },
  "confusion_matrix": [
    [
      158,
      28,
      5
    ],
    [
      625,
      258,
      31
    ],
    [
      247,
      61,
      26
    ]
  ],
  "confusion_matrix_percent": [
    [
      82.72251308900523,
      14.659685863874344,
      2.6178010471204187
    ],
    [
      68.38074398249454,
      28.227571115973742,
      3.391684901531729
    ],
    [
      73.95209580838323,
      18.263473053892216,
      7.784431137724551
    ]
  ],
  "test_subjects": [
    "s01"
  ],
  "fold_number": 1,
  "model_type": "tuned"
}