{
  "auc_scores": {
    "1": NaN,
    "2": 0.33658766233766235,
    "3": 0.6060746753246753
  },
  "confusion_matrix": [
    [
      0,
      0,
      0
    ],
    [
      342,
      8,
      0
    ],
    [
      410,
      30,
      0
    ]
  ],
  "confusion_matrix_percent": [
    [
      NaN,
      NaN,
      NaN
    ],
    [
      97.71428571428571,
      2.2857142857142856,
      0.0
    ],
    [
      93.18181818181817,
      6.8181818181818175,
      0.0
    ]
  ],
  "test_subjects": [
    "s08"
  ],
  "fold_number": 10,
  "model_type": "tuned"
}