{
  "auc_scores": {
    "1": 0.6183918669131239,
    "2": 0.41020479112598734,
    "3": 0.6771167586531468
  },
  "confusion_matrix": [
    [
      302,
      219,
      20
    ],
    [
      118,
      107,
      18
    ],
    [
      134,
      304,
      39
    ]
  ],
  "confusion_matrix_percent": [
    [
      55.822550831792974,
      40.48059149722736,
      3.6968576709796674
    ],
    [
      48.559670781893004,
      44.03292181069959,
      7.4074074074074066
    ],
    [
      28.09224318658281,
      63.731656184486376,
      8.176100628930817
    ]
  ],
  "test_subjects": [
    "s07"
  ],
  "fold_number": 3,
  "model_type": "tuned"
}