{
  "auc_scores": {
    "1": 0.39762917698019806,
    "2": 0.6870701742672097,
    "3": 0.42002910769848445
  },
  "confusion_matrix": [
    [
      282,
      7,
      223
    ],
    [
      109,
      6,
      21
    ],
    [
      268,
      11,
      90
    ]
  ],
  "confusion_matrix_percent": [
    [
      55.078125,
      1.3671875,
      43.5546875
    ],
    [
      80.14705882352942,
      4.411764705882353,
      15.441176470588236
    ],
    [
      72.62872628726286,
      2.9810298102981028,
      24.390243902439025
    ]
  ],
  "test_subjects": [
    "s03"
  ],
  "fold_number": 5,
  "model_type": "tuned"
}