{
  "average_auc": 0.5837698918315701,
  "individual_results": {
    "s01": {
      "auc": 0.6440823395697466,
      "class_aucs": {
        "class_1": 0.5642376158410561,
        "class_2": 0.6091390087865219,
        "class_3": 0.7588703940816617
      },
      "n_train": 883,
      "n_test": 1131,
      "train_classes": [
        1,
        2,
        3
      ],
      "test_classes": [
        1,
        2,
        3
      ]
    },
    "s03": {
      "auc": 0.6842654115883272,
      "class_aucs": {
        "class_1": 0.7697753037466321,
        "class_2": 0.6156080600728695,
        "class_3": 0.6674128709454796
      },
      "n_train": 786,
      "n_test": 814,
      "train_classes": [
        1,
        2,
        3
      ],
      "test_classes": [
        1,
        2,
        3
      ]
    },
    "s04": {
      "auc": 0.6020352474518792,
      "class_aucs": {
        "class_1": 0.5964075108628181,
        "class_2": 0.6491849204773565,
        "class_3": 0.5605133110154632
      },
      "n_train": 409,
      "n_test": 633,
      "train_classes": [
        1,
        2,
        3
      ],
      "test_classes": [
        1,
        2,
        3
      ]
    },
    "s07": {
      "auc": 0.6171689515794939,
      "class_aucs": {
        "class_1": 0.6363035296511036,
        "class_2": 0.6545462852965366,
        "class_3": 0.5606570397908416
      },
      "n_train": 937,
      "n_test": 861,
      "train_classes": [
        1,
        2,
        3
      ],
      "test_classes": [
        1,
        2,
        3
      ]
    },
    "s08": {
      "auc": 0.6666815628192033,
      "class_aucs": {
        "class_3": 0.6666815628192033
      },
      "n_train": 43,
      "n_test": 796,
      "train_classes": [
        1,
        3
      ],
      "test_classes": [
        2,
        3
      ]
    },
    "s10": {
      "auc": 0.6622322026299944,
      "class_aucs": {
        "class_2": 0.6544897333741955,
        "class_3": 0.6699746718857933
      },
      "n_train": 743,
      "n_test": 316,
      "train_classes": [
        2,
        3
      ],
      "test_classes": [
        1,
        2,
        3
      ]
    },
    "s13": {
      "auc": 0.49030694981994105,
      "class_aucs": {
        "class_2": 0.5384255183652064,
        "class_3": 0.4421883812746757
      },
      "n_train": 172,
      "n_test": 466,
      "train_classes": [
        2,
        3
      ],
      "test_classes": [
        1,
        2,
        3
      ]
    },
    "s14": {
      "auc": 0.4955081032556423,
      "class_aucs": {
        "class_1": 0.7449275110987792,
        "class_2": 0.35918098414064425,
        "class_3": 0.3824158145275035
      },
      "n_train": 301,
      "n_test": 1029,
      "train_classes": [
        1,
        2,
        3
      ],
      "test_classes": [
        1,
        2,
        3
      ]
    },
    "s17": {
      "auc": 0.4910414106470238,
      "class_aucs": {
        "class_1": 0.4872754904669799,
        "class_3": 0.4948073308270677
      },
      "n_train": 506,
      "n_test": 543,
      "train_classes": [
        1,
        3
      ],
      "test_classes": [
        1,
        2,
        3
      ]
    },
    "s18": {
      "auc": 0.5878955133052832,
      "class_aucs": {
        "class_1": 0.6784756291615175,
        "class_2": 0.6158343913778126,
        "class_3": 0.4693765193765195
      },
      "n_train": 840,
      "n_test": 1086,
      "train_classes": [
        1,
        2,
        3
      ],
      "test_classes": [
        1,
        2,
        3
      ]
    },
    "s21": {
      "auc": 0.4802511174807365,
      "class_aucs": {
        "class_1": 0.5528397915027538,
        "class_2": 0.2642742966751918,
        "class_3": 0.6236392642642642
      },
      "n_train": 797,
      "n_test": 906,
      "train_classes": [
        1,
        2,
        3
      ],
      "test_classes": [
        1,
        2,
        3
      ]
    }
  },
  "valid_subjects": [
    "s01",
    "s03",
    "s04",
    "s07",
    "s08",
    "s10",
    "s13",
    "s14",
    "s17",
    "s18",
    "s21"
  ],
  "total_subjects_attempted": 11
}